{"debugger":true,"Playerlist":true,"playerlistgui":false,"Nameplates":true,"spoofpng":777,"spofpngtogg":false,"spooffps":777,"spooffpstoog":false,"Questhide":false,"questspoof":false,"ESP":true,"Forcejump":false,"infiniteJump":true,"Logudonevents":false,"flyspeed":1.0,"itemesp":false,"walkspeedt":false,"walkspeed":1.0,"stealpickup":true,"Maxpickuprange":true,"Esplines":false,"Keybinds":true,"UdonBlock":false,"Infiniteportals":false,"ScreenLogger":true,"DiscordRich":true,"customfov":false,"Fov":60.0,"pickupknife":true,"Boxesp":false,"Qmmusic":true,"Lineesp":false,"Videoplayer":true,"BigVideoLoadingscreen":true,"JoinSound":true,"Restartu":true,"Dsicordrpcgif":true,"joinnot":true,"custommic":false,"logudon":false,"logphotonev":false,"loginconssole":false,"ev6":false,"ev9":false,"ev7":false,"ev1":false,"onscreennotification":false,"fpsandstuffinfo":false,"DisableConsole":false,"JumpIMpulse":3.0,"NamePlatesuichange":true,"rainbackground":true,"BigUichanges":true,"DESKTOPUI":false,"PickableItems":false,"Qmuitstyle":false,"Overwritetextcolor":false,"qmextinfo":true,"istextoverboth":false,"putyourowntext":"EMPTY TEXT","Favortielistenabled":true,"boneesp":false,"pointlines":false,"Avatarsseeninworld":true,"avataroutlines":false,"customaspectratio":false,"aspectrationvalue":1.2,"onqmuserinfo":true,"customnameplates":true,"maxverticies":200000,"maxaudiosources":15,"maxmaterials":60,"maxmeshes":100,"maxparticles":30000,"particlesystem":30,"verticiesp":true,"meshp":true,"ShaderP":true,"audiosourcep":true,"particlep":true,"linerenderp":true,"lightsp":true,"selfanti":true,"logshaderstoconsole":true}